aug,p,dataset,project,run_name,epoch,time,train/box_loss,train/cls_loss,train/dfl_loss,metrics/precision(B),metrics/recall(B),metrics/mAP50(B),metrics/mAP50-95(B),val/box_loss,val/cls_loss,val/dfl_loss,lr/pg0,lr/pg1,lr/pg2
control,0.0,Dataset,runs\kitti,kitti_control,30,1083.11,0.79324,0.50219,0.89701,0.86108,0.74647,0.85058,0.61215,0.81303,0.5048,0.90224,3.5819e-05,3.5819e-05,3.5819e-05
yolo_default_aug,0.0,Dataset,runs\kitti,kitti_control_default_aug,30,1083.7,0.79324,0.50219,0.89701,0.86108,0.74647,0.85058,0.61215,0.81303,0.5048,0.90224,3.5819e-05,3.5819e-05,3.5819e-05
mirror,1.0,Dataset_mirror_p10,runs\kitti,kitti_mirror_p1.0,30,1068.3,0.78524,0.49796,0.89469,0.86594,0.76123,0.85326,0.61394,0.81283,0.50734,0.89852,3.5819e-05,3.5819e-05,3.5819e-05
rotate,1.0,Dataset_rotate_p10,runs\kitti,kitti_rotate_p1.0,30,1065.16,0.89718,0.62823,0.9557,0.82087,0.66574,0.75953,0.49119,1.04865,0.63959,0.95572,3.5819e-05,3.5819e-05,3.5819e-05
zoom,1.0,Dataset_zoom_p10,runs\kitti,kitti_zoom_p1.0,30,1051.83,0.82182,0.52206,0.90499,0.83751,0.73991,0.82929,0.58793,0.8444,0.52742,0.90932,3.5819e-05,3.5819e-05,3.5819e-05
crop,1.0,Dataset_crop_p10,runs\kitti,kitti_crop_p1.0,30,1056.75,0.76983,0.51972,0.99254,0.64246,0.32482,0.38672,0.2161,1.41103,1.09434,1.11366,3.5819e-05,3.5819e-05,3.5819e-05
brightness,1.0,Dataset_brightness_p10,runs\kitti,kitti_brightness_p1.0,30,1052.4,0.82192,0.52136,0.90527,0.84902,0.77259,0.84697,0.60553,0.83733,0.51667,0.9058,3.5819e-05,3.5819e-05,3.5819e-05
contrast,1.0,Dataset_contrast_p10,runs\kitti,kitti_contrast_p1.0,30,1051.03,0.7913,0.50158,0.89639,0.8665,0.76652,0.85336,0.6083,0.81822,0.50799,0.89927,3.5819e-05,3.5819e-05,3.5819e-05
sharpness,1.0,Dataset_sharpness_p10,runs\kitti,kitti_sharpness_p1.0,30,1047.39,0.79533,0.50389,0.89677,0.86346,0.76377,0.85565,0.61289,0.81235,0.5056,0.90086,3.5819e-05,3.5819e-05,3.5819e-05
blur,1.0,Dataset_blur_p10,runs\kitti,kitti_blur_p1.0,30,1044.9,0.80883,0.50836,0.89932,0.83684,0.75041,0.83439,0.5973,0.82626,0.51187,0.90001,3.5819e-05,3.5819e-05,3.5819e-05
dropout,1.0,Dataset_dropout_p10,runs\kitti,kitti_dropout_p1.0,30,1042.14,0.83362,0.52825,0.90747,0.81514,0.78205,0.84715,0.593,0.85612,0.52033,0.90648,3.5819e-05,3.5819e-05,3.5819e-05
hsv,1.0,Dataset_hsv_p10,runs\kitti,kitti_hsv_p1.0,30,1183.87,0.79546,0.50324,0.89741,0.87092,0.77843,0.85051,0.60783,0.81655,0.50882,0.89815,3.5819e-05,3.5819e-05,3.5819e-05
gamma,1.0,Dataset_gamma_p10,runs\kitti,kitti_gamma_p1.0,30,1207.21,0.78912,0.50037,0.89595,0.8245,0.7917,0.84941,0.60843,0.81231,0.50855,0.89756,3.5819e-05,3.5819e-05,3.5819e-05
clahe,1.0,Dataset_clahe_p10,runs\kitti,kitti_clahe_p1.0,30,1154.86,0.78692,0.49669,0.89549,0.8598,0.73991,0.83545,0.59242,0.83182,0.51029,0.90202,3.5819e-05,3.5819e-05,3.5819e-05
gauss_noise,1.0,Dataset_gauss_noise_p10,runs\kitti,kitti_gauss_noise_p1.0,30,1105.34,0.89826,0.57184,0.92748,0.84816,0.68224,0.78907,0.53626,0.91053,0.57252,0.92807,3.5819e-05,3.5819e-05,3.5819e-05
motion_blur_small,1.0,Dataset_motion_blur_small_p10,runs\kitti,kitti_motion_blur_small_p1.0,30,1080.27,0.80424,0.50469,0.89861,0.83497,0.79075,0.84862,0.60185,0.82254,0.50804,0.90048,3.5819e-05,3.5819e-05,3.5819e-05
affine_small,1.0,Dataset_affine_small_p10,runs\kitti,kitti_affine_small_p1.0,30,1080.43,0.83462,0.51471,0.90589,0.8311,0.78637,0.84328,0.58786,0.90815,0.53223,0.91837,3.5819e-05,3.5819e-05,3.5819e-05
mirror,0.5,Dataset_mirror_p05,runs\kitti,kitti_mirror_p0.5,30,1043.66,0.79006,0.49931,0.89644,0.84321,0.78174,0.84209,0.60326,0.81583,0.50661,0.90297,3.5819e-05,3.5819e-05,3.5819e-05
rotate,0.5,Dataset_rotate_p05,runs\kitti,kitti_rotate_p0.5,30,1053.41,0.90101,0.60321,0.94624,0.8109,0.736,0.80374,0.54787,0.89693,0.56895,0.92167,3.5819e-05,3.5819e-05,3.5819e-05
zoom,0.5,Dataset_zoom_p05,runs\kitti,kitti_zoom_p0.5,30,1049.26,0.80781,0.51265,0.90159,0.84692,0.77,0.83955,0.59965,0.8345,0.51749,0.90601,3.5819e-05,3.5819e-05,3.5819e-05
crop,0.5,Dataset_crop_p05,runs\kitti,kitti_crop_p0.5,30,1051.04,0.85873,0.57354,0.9853,0.79875,0.70942,0.78763,0.53639,0.93024,0.58763,0.92773,3.5819e-05,3.5819e-05,3.5819e-05
brightness,0.5,Dataset_brightness_p05,runs\kitti,kitti_brightness_p0.5,30,1056.61,0.80809,0.51175,0.90231,0.87981,0.76577,0.84496,0.60329,0.82302,0.51208,0.90045,3.5819e-05,3.5819e-05,3.5819e-05
contrast,0.5,Dataset_contrast_p05,runs\kitti,kitti_contrast_p0.5,30,1047.83,0.78773,0.49964,0.89473,0.84029,0.79895,0.85021,0.60196,0.81733,0.50809,0.89856,3.5819e-05,3.5819e-05,3.5819e-05
sharpness,0.5,Dataset_sharpness_p05,runs\kitti,kitti_sharpness_p0.5,30,1047.03,0.7975,0.50463,0.8967,0.87027,0.75613,0.84681,0.60932,0.81073,0.50844,0.89515,3.5819e-05,3.5819e-05,3.5819e-05
blur,0.5,Dataset_blur_p05,runs\kitti,kitti_blur_p0.5,30,1049.15,0.80226,0.50627,0.89832,0.84189,0.7665,0.84748,0.60129,0.82147,0.50612,0.90228,3.5819e-05,3.5819e-05,3.5819e-05
dropout,0.5,Dataset_dropout_p05,runs\kitti,kitti_dropout_p0.5,30,1048.44,0.82232,0.51768,0.90424,0.87302,0.74636,0.84244,0.59887,0.83338,0.51783,0.90304,3.5819e-05,3.5819e-05,3.5819e-05
hsv,0.5,Dataset_hsv_p05,runs\kitti,kitti_hsv_p0.5,30,1082.36,0.79061,0.50255,0.89565,0.86178,0.7652,0.84605,0.60667,0.81446,0.50362,0.89879,3.5819e-05,3.5819e-05,3.5819e-05
gamma,0.5,Dataset_gamma_p05,runs\kitti,kitti_gamma_p0.5,30,1079.17,0.78996,0.50026,0.89468,0.84863,0.78514,0.84567,0.60952,0.81885,0.50623,0.89733,3.5819e-05,3.5819e-05,3.5819e-05
clahe,0.5,Dataset_clahe_p05,runs\kitti,kitti_clahe_p0.5,30,1077.99,0.79354,0.50212,0.89674,0.86876,0.77902,0.8548,0.61224,0.81622,0.50659,0.89758,3.5819e-05,3.5819e-05,3.5819e-05
gauss_noise,0.5,Dataset_gauss_noise_p05,runs\kitti,kitti_gauss_noise_p0.5,30,1078.26,0.87299,0.55688,0.91982,0.88877,0.71848,0.83248,0.58639,0.86396,0.54276,0.90936,3.5819e-05,3.5819e-05,3.5819e-05
motion_blur_small,0.5,Dataset_motion_blur_small_p05,runs\kitti,kitti_motion_blur_small_p0.5,30,1076.2,0.79675,0.50069,0.89708,0.85792,0.78052,0.86198,0.60987,0.81652,0.50371,0.9,3.5819e-05,3.5819e-05,3.5819e-05
affine_small,0.5,Dataset_affine_small_p05,runs\kitti,kitti_affine_small_p0.5,30,1071.97,0.82592,0.50957,0.90372,0.83908,0.75557,0.83787,0.59138,0.83842,0.51812,0.90607,3.5819e-05,3.5819e-05,3.5819e-05
mirror,0.25,Dataset_mirror_p025,runs\kitti,kitti_mirror_p0.25,30,1045.41,0.78743,0.49865,0.89481,0.86371,0.75861,0.8554,0.6113,0.81336,0.50496,0.89838,3.5819e-05,3.5819e-05,3.5819e-05
rotate,0.25,Dataset_rotate_p025,runs\kitti,kitti_rotate_p0.25,30,1051.35,0.86713,0.56377,0.92729,0.83037,0.75577,0.82607,0.57655,0.85313,0.53746,0.90995,3.5819e-05,3.5819e-05,3.5819e-05
zoom,0.25,Dataset_zoom_p025,runs\kitti,kitti_zoom_p0.25,30,1053.78,0.80192,0.50947,0.899,0.84388,0.78618,0.84315,0.6049,0.82204,0.51361,0.9005,3.5819e-05,3.5819e-05,3.5819e-05
crop,0.25,Dataset_crop_p025,runs\kitti,kitti_crop_p0.25,30,1050.4,0.8584,0.56607,0.9568,0.87169,0.74498,0.83857,0.58831,0.86507,0.54558,0.91081,3.5819e-05,3.5819e-05,3.5819e-05
brightness,0.25,Dataset_brightness_p025,runs\kitti,kitti_brightness_p0.25,30,1046.34,0.80205,0.50923,0.89936,0.90713,0.72848,0.84671,0.60768,0.82195,0.51067,0.90722,3.5819e-05,3.5819e-05,3.5819e-05
contrast,0.25,Dataset_contrast_p025,runs\kitti,kitti_contrast_p0.25,30,1052.36,0.78994,0.50013,0.89532,0.86488,0.76127,0.85002,0.6156,0.81208,0.50351,0.89827,3.5819e-05,3.5819e-05,3.5819e-05
sharpness,0.25,Dataset_sharpness_p025,runs\kitti,kitti_sharpness_p0.25,30,1050.74,0.7976,0.50608,0.89823,0.84359,0.78308,0.85394,0.61411,0.81175,0.50822,0.90043,3.5819e-05,3.5819e-05,3.5819e-05
blur,0.25,Dataset_blur_p025,runs\kitti,kitti_blur_p0.25,30,1050.52,0.79671,0.50339,0.89776,0.86143,0.7682,0.84421,0.60627,0.81528,0.50683,0.89843,3.5819e-05,3.5819e-05,3.5819e-05
dropout,0.25,Dataset_dropout_p025,runs\kitti,kitti_dropout_p0.25,30,1054.57,0.80326,0.50807,0.8989,0.86381,0.77667,0.86348,0.60896,0.82229,0.51128,0.90281,3.5819e-05,3.5819e-05,3.5819e-05
hsv,0.25,Dataset_hsv_p025,runs\kitti,kitti_hsv_p0.25,30,1079.58,0.78854,0.50062,0.89477,0.83496,0.80444,0.84867,0.60807,0.81011,0.50864,0.8989,3.5819e-05,3.5819e-05,3.5819e-05
gamma,0.25,Dataset_gamma_p025,runs\kitti,kitti_gamma_p0.25,30,1075.45,0.78951,0.50086,0.89556,0.85303,0.76948,0.85187,0.60795,0.81966,0.50792,0.90058,3.5819e-05,3.5819e-05,3.5819e-05
clahe,0.25,Dataset_clahe_p025,runs\kitti,kitti_clahe_p0.25,30,1088.19,0.79332,0.50308,0.89658,0.84882,0.78791,0.85705,0.61633,0.80949,0.50399,0.89825,3.5819e-05,3.5819e-05,3.5819e-05
gauss_noise,0.25,Dataset_gauss_noise_p025,runs\kitti,kitti_gauss_noise_p0.25,30,1107.58,0.84453,0.53709,0.91182,0.85305,0.76304,0.84167,0.59714,0.83798,0.52437,0.90573,3.5819e-05,3.5819e-05,3.5819e-05
motion_blur_small,0.25,Dataset_motion_blur_small_p025,runs\kitti,kitti_motion_blur_small_p0.25,30,1083.69,0.79143,0.4997,0.89597,0.80219,0.80655,0.85731,0.61901,0.81164,0.50466,0.89619,3.5819e-05,3.5819e-05,3.5819e-05
affine_small,0.25,Dataset_affine_small_p025,runs\kitti,kitti_affine_small_p0.25,30,1075.37,0.81592,0.50864,0.90139,0.8321,0.78614,0.85693,0.61635,0.82652,0.51186,0.90002,3.5819e-05,3.5819e-05,3.5819e-05
